User,Average Score,Lowest Score,Highest Score
JacketsTapeRecorder,0.211,0.211,0.211
zoleilsstufff,0.159,0.159,0.159
Proud-Ad7840,0.146,0.146,0.146
Dannboy1888,0.127,0.127,0.127
Slavyslav106,0.127,0.127,0.127
Susie-is-stabby,0.127,0.127,0.127
Jnxss,0.117,0.117,0.117
N00B_Master696969,0.11,0.11,0.11
Inner_shadower0,0.11,0.11,0.11
JoshuaNelson00,0.106,0.106,0.106
nicholas_cage55,0.106,0.106,0.106
GalaxyGamerTOP,0.105,0.105,0.105
Saygisiz_Adam,0.095,0.095,0.095
NoSquiIRRelL_,0.095,0.095,0.095
RandomBloke2021,0.095,0.095,0.095
Easiestcc,0.088,0.088,0.088
TiposTaco,0.085,0.085,0.085
FrankTheTank107,0.084,0.084,0.084
Dr_Herbs420,0.08,0.08,0.08
Itz-fLeXi,0.08,0.08,0.08
AlexDiment23,0.078,0.078,0.078
llamanatee,0.076,0.073,0.087
Marcelitus230,0.073,0.073,0.073
Goldeneye07,0.07,0.07,0.07
dsb007,0.07,0.07,0.07
RadBrad4333,0.064,0.064,0.064
imsonicthehedhog12,0.064,0.064,0.064
GUYMAN954,0.063,0.063,0.063
JackdawMiles,0.06,0.06,0.06
Showaren_elle,0.059,0.059,0.059
Spuriusrex,0.059,0.059,0.059
ConnorFree,0.055,0.055,0.055
TwilightSolace,0.053,0.053,0.053
RuggedTheDragon,0.051,0.0,0.062
p1nkm4n_,0.051,0.051,0.051
ScottyFoxes,0.05,0.05,0.05
Educational-Cup6783,0.049,0.049,0.049
ThatMomentWhenRiley,0.048,0.048,0.048
CoolguyLane666,0.04,0.04,0.04
Survival_R,0.04,0.04,0.04
afriendfuryou,0.038,0.038,0.038
Chas3ton,0.036,0.036,0.036
Revolutionary_Ad863,0.031,0.031,0.031
tommydorito_,0.028,-0.097,0.042
milney327,0.025,0.025,0.025
Joudeh_1996,0.019,-0.038,0.105
Megumi_Bandicoot,0.013,0.013,0.013
Coupi_Doupi,0.006,0.006,0.006
KoolKbeludo,0.001,-0.031,0.17
SpeedCollisis,0.0,0.0,0.0
scruff91,0.0,0.0,0.0
unconventional_gamer,0.0,0.0,0.0
Sparke66,0.0,0.0,0.0
sornia760,0.0,0.0,0.0
rldeadlock,0.0,0.0,0.0
Rogerthrottleup,0.0,0.0,0.0
Sad_Opportunity8197,0.0,0.0,0.0
SadHappyRobotMusic,0.0,0.0,0.0
Ryvn_Plays,0.0,0.0,0.0
SomeBoricuaDude,0.0,0.0,0.0
TruceBrian,0.0,0.0,0.0
Swatdude69,0.0,0.0,0.0
T_ctical,0.0,0.0,0.0
krinkyeee_113,0.0,0.0,0.0
michi4,0.0,0.0,0.0
killingmemesoftly,0.0,0.0,0.0
jodlad04,0.0,0.0,0.0
jakecoleman,0.0,0.0,0.0
itzRealzBoyz0,0.0,0.0,0.0
gisog71223,0.0,0.0,0.0
bonemech_meatsuit,0.0,0.0,0.0
bajateraho,0.0,0.0,0.0
_idont-have-a-name_,0.0,0.0,0.0
Zayylace,0.0,0.0,0.0
Xaxos92,0.0,0.0,0.0
Van3oser,0.0,0.0,0.0
realsouville,0.0,0.0,0.0
rindragon71,0.0,0.0,0.0
TheFuschiaIsNow,0.0,0.0,0.0
That_Welsh_Guy,0.0,0.0,0.0
YlpeaNyyppa,0.0,0.0,0.0
ASCORPIONSLAYER,0.0,0.0,0.0
RealMZAce,0.0,0.0,0.0
Draculagged,0.0,0.0,0.0
ItsApplesandOranges,0.0,0.0,0.0
HunterLaw10,0.0,0.0,0.0
Hell_Or_High_Water87,0.0,0.0,0.0
Headb00m,0.0,0.0,0.0
FeNix_011,0.0,0.0,0.0
Familiar_Sail_2493,0.0,0.0,0.0
Faceless132,0.0,0.0,0.0
Ethanbrocks,0.0,0.0,0.0
DezzieFoxyote,0.0,0.0,0.0
JeeringDragon,0.0,0.0,0.0
Cyrax_312,0.0,0.0,0.0
CommunicationTotal,0.0,0.0,0.0
Chief_Serge,0.0,0.0,0.0
BozZombiesArnie,0.0,0.0,0.0
Blazingrino,0.0,0.0,0.0
Binary245,0.0,0.0,0.0
AgentArabian,0.0,0.0,0.0
Adrian0991,0.0,0.0,0.0
Jaylik24,0.0,0.0,0.0
HeywoodJaBlowMe123,0.0,0.0,0.0
Mr_Gamer_69,0.0,0.0,0.0
MasterRaheem,0.0,0.0,0.0
ProGamr935,0.0,0.0,0.0
Pow67,0.0,0.0,0.0
AccountantNatural550,0.0,0.0,0.0
Onetimeguy8,0.0,0.0,0.0
Ondexb,0.0,0.0,0.0
OhhZio,0.0,0.0,0.0
Memesvonberkay,0.0,0.0,0.0
Parker1055,0.0,0.0,0.0
MadrasMoney,0.0,0.0,0.0
LorenzoTafuri,0.0,0.0,0.0
KIaytn,-0.005,-0.06,0.0
Boltboy1833,-0.01,-0.01,-0.01
MeesterCHRIS,-0.011,-0.011,-0.011
deadtvreviews,-0.012,-0.23,0.0
Accurate-Row-8539,-0.016,-0.016,-0.016
Kool_K9,-0.021,-0.021,-0.021
Puqueumiamo,-0.026,-0.026,-0.026
paddchy,-0.029,-0.029,-0.029
VLenin2291,-0.038,-0.038,-0.038
denierCZ,-0.04,-0.04,-0.04
NeoStark,-0.042,-0.042,-0.042
Price-x-Field,-0.051,-0.051,-0.051
memesnotreally5,-0.052,-0.052,-0.052
Flilthy_beggar,-0.053,-0.053,-0.053
Hulking_grape777,-0.06,-0.06,-0.06
Faded_Insanity_0,-0.064,-0.064,-0.064
Starry402,-0.073,-0.125,-0.057
Puggleboi2,-0.074,-0.1,-0.063
ElMantl07,-0.075,-0.075,-0.075
Strifibox,-0.075,-0.075,-0.075
BiggieRayGunX2,-0.09,-0.09,-0.09
GamingGorillaOrg,-0.1,-0.1,-0.1
K1NG041,-0.104,-0.104,-0.104
Commercial-Star-8056,-0.146,-0.146,-0.146
Professional_Elk_893,-0.147,-0.147,-0.147
Codman7,-0.186,-0.186,-0.186
Victornf41108,-0.238,-0.238,-0.238
