User,Average Score,Lowest Score,Highest Score
Papo954,-0.681,-0.681,-0.681
DamianArnold1994,-0.681,-0.681,-0.681
Electrical-Bite5714,-0.586,-0.586,-0.586
Miko_slayer20,-0.586,-0.586,-0.586
TrapGod196,-0.557,-0.557,-0.557
QuantumRavage,-0.542,-0.542,-0.542
jadepetals,-0.542,-0.542,-0.542
josephmadre123,-0.542,-0.542,-0.542
Time-X-Time,-0.542,-0.542,-0.542
WVUking1,-0.542,-0.542,-0.542
Jakucrash,-0.542,-0.542,-0.542
PyroGiveMeSucc,-0.542,-0.542,-0.542
TerriTheTerrible_,-0.511,-0.511,-0.511
some-swimming-dude,-0.494,-0.494,-0.494
Mother-Spare-6231,-0.494,-0.494,-0.494
Zealousideal_Truth13,-0.477,-0.477,-0.477
Sidaeus,-0.477,-0.477,-0.477
JackStillAlive,-0.477,-0.477,-0.477
eddie-1233,-0.402,-0.402,-0.402
nWord06,-0.39,-0.39,-0.39
dontvote4me83,-0.382,-0.382,-0.382
RastaLion69,-0.381,-0.381,-0.381
Silver-Journalist634,-0.381,-0.381,-0.381
Curious_Sentence1483,-0.371,-0.371,-0.371
More-Adventure2,-0.366,-0.477,-0.255
