User,Average Score,Lowest Score,Highest Score
Zomb13_Slay3r,0.637,0.637,0.637
Any-Community-5280,0.625,0.625,0.625
DeadHornetGaming,0.625,0.625,0.625
DToob,0.625,0.625,0.625
Environmental_Let855,0.599,0.599,0.599
donkeykickdickslap,0.599,0.599,0.599
Veqa,0.599,0.599,0.599
After_Software8699,0.586,0.586,0.586
queso_hervido_gaming,0.586,0.586,0.586
Signal_Phrase755,0.586,0.586,0.586
LohAries,0.586,0.586,0.586
GustavoCOD,0.572,0.572,0.572
tracyxoc1,0.557,0.557,0.557
NabbyNab14,0.533,0.533,0.533
mickaelawest,0.529,0.529,0.529
kurisu_trash,0.527,0.527,0.527
str8-shot,0.527,0.527,0.527
RudeJuggernaut,0.527,0.527,0.527
LancePants33,0.501,0.501,0.501
GarrettSLB,0.477,0.477,0.477
SmallTitBigCrit,0.44,0.44,0.44
Thehexgammer,0.44,0.44,0.44
Chameleon-Eyes,0.44,0.44,0.44
AGuyInInternet,0.44,0.44,0.44
papstalin66y,0.44,0.44,0.44
