User,Rec_Comm_sentiment_score
ASCORPIONSLAYER,0.7175083912655972
AccountantNatural550,-0.8951878921568628
Accurate-Row-8539,2.8032511107140308
Adrian0991,0.9159382706374086
AgentArabian,-0.018097136752136797
AlexDiment23,3.316734319856389
BiggieRayGunX2,-0.8384310145202074
Binary245,0.6745910927700417
Blazingrino,-0.36307769452769445
Boltboy1833,0.805546997430674
BozZombiesArnie,1.4871799185255856
Chas3ton,0.660578612107191
Chief_Serge,3.669852158174983
Codman7,3.6751123059123314
Commercial-Star-8056,3.3592915891820168
CommunicationTotal,0.8172211825396826
ConnorFree,0.27251793333601376
CoolguyLane666,-0.11160225041298569
Coupi_Doupi,0.7753782638106993
Cyrax_312,0.9744128174603175
Dannboy1888,-0.3629829753140925
DezzieFoxyote,1.101774995434898
Dr_Herbs420,2.357714722398494
Draculagged,1.0379438234828466
Easiestcc,0.30791934872552496
Educational-Cup6783,2.878111985600539
ElMantl07,-0.4534281399841988
Ethanbrocks,0.5774144858879562
Faceless132,0.3847093503976245
Faded_Insanity_0,1.1337332053456
Familiar_Sail_2493,3.2140952411477413
FeNix_011,2.424945509643865
Flilthy_beggar,2.3092083565252897
FrankTheTank107,2.150601832276437
GUYMAN954,4.094363170567662
GalaxyGamerTOP,0.5415092613745904
GamingGorillaOrg,1.438805238095238
Goldeneye07,-0.1523968064183039
Headb00m,-1.3180869495434504
Hell_Or_High_Water87,-0.23359313026245687
HeywoodJaBlowMe123,2.3125726981562407
Hulking_grape777,-0.9204445115935116
HunterLaw10,1.1599176032301033
Inner_shadower0,0.6922076545308836
ItsApplesandOranges,0.007283116883116884
Itz-fLeXi,-0.7307090751536045
JackdawMiles,2.4300006829474876
JacketsTapeRecorder,-1.8787994940212105
Jaylik24,-1.1407724404761905
JeeringDragon,-0.12071724396948087
Jnxss,1.1938784354072327
JoshuaNelson00,0.3328803712953713
Joudeh_1996,-0.9055170057720056
K1NG041,0.8421481385281385
KIaytn,0.3098186868686869
KoolKbeludo,2.6866914102564103
Kool_K9,-0.2545842325497163
LorenzoTafuri,1.0813178571428572
MadrasMoney,-0.2877740476190476
Marcelitus230,-0.04925697510822517
MasterRaheem,1.0652771676116393
MeesterCHRIS,0.8647884318274904
Megumi_Bandicoot,0.2679099539170507
Memesvonberkay,0.8099514492753623
Mr_Gamer_69,1.6755438095982689
N00B_Master696969,-0.8454629670329671
NeoStark,0.5969935649250822
NoSquiIRRelL_,0.6501973724432004
OhhZio,2.7622308323004603
Ondexb,0.7187271903096903
Onetimeguy8,0.7933746210540149
Parker1055,0.8888712903883556
Pow67,1.2569115237300896
Price-x-Field,0.6127801005573374
ProGamr935,0.6531110818140036
Professional_Elk_893,1.0799549344866326
Proud-Ad7840,0.8488646926308986
Puggleboi2,0.3139221708683474
Puqueumiamo,-0.021597797619047635
RadBrad4333,1.4806935465973758
RandomBloke2021,1.9804278465782645
RealMZAce,2.8816101032730663
Revolutionary_Ad863,4.303525421245421
Rogerthrottleup,0.8829858557684309
RuggedTheDragon,0.19733139311055198
Ryvn_Plays,0.6782034382653437
SadHappyRobotMusic,2.397144342105263
Sad_Opportunity8197,0.043602719780219915
Saygisiz_Adam,0.0065056706166677775
ScottyFoxes,0.28927893822680584
Showaren_elle,2.0175858533058726
Slavyslav106,0.3631876275040748
SomeBoricuaDude,0.4777270991963896
Sparke66,0.01672658777556995
SpeedCollisis,0.5512994330457216
Spuriusrex,0.25220785758715003
Starry402,-0.1503977848023627
Strifibox,1.0917862869875223
Survival_R,1.3308964316484169
Susie-is-stabby,4.958613795926296
Swatdude69,-0.040116890331890434
T_ctical,1.5607095193609537
ThatMomentWhenRiley,0.9377030637511012
That_Welsh_Guy,1.2343941824249853
TheFuschiaIsNow,1.4188147628406282
TiposTaco,1.0559971671085522
TruceBrian,2.332737530938253
TwilightSolace,1.0812270208150667
VLenin2291,0.5912740232700117
Van3oser,2.5618060914820475
Victornf41108,0.8488446211141799
Xaxos92,0.2981451633986928
YlpeaNyyppa,0.32485192758234716
Zayylace,0.9841230461088079
_idont-have-a-name_,0.37879975963072016
afriendfuryou,0.8866420928216522
bajateraho,1.0308722133319896
bonemech_meatsuit,1.199903890440713
deadtvreviews,2.5937355437895437
denierCZ,1.1338177647670222
dsb007,1.6050367570337873
gisog71223,0.12130661764705883
imsonicthehedhog12,-0.49095111111111117
itzRealzBoyz0,3.1468150396825396
jakecoleman,0.9218044753139721
jodlad04,-0.29414002900493713
killingmemesoftly,4.726947318972845
krinkyeee_113,-0.17185629599932234
llamanatee,0.40832111111111113
memesnotreally5,1.694171111111111
michi4,1.8863503998408842
milney327,0.3434508101054924
nicholas_cage55,0.4443025541125542
p1nkm4n_,-0.030273661259375695
paddchy,0.36520964579517506
realsouville,2.0811579288474684
rindragon71,1.091286581371287
rldeadlock,1.3975923234673824
scruff91,0.6505021102222729
sornia760,1.4884463750941945
tommydorito_,0.9327406956565006
unconventional_gamer,-0.3874153068652523
zoleilsstufff,-0.3872341972143395
